<?xml version="1.0" encoding="UTF-8"?>
<configuration>

    <include resource="org/springframework/boot/logging/logback/defaults.xml"/>

    <springProperty scope="context" name="log.context.name" source="spring.application.name" defaultValue="admin-web"/>
    <!-- 日志级别 -->
    <springProperty scope="context" name="LOG_ROOT_LEVEL" source="logging.level.root" defaultValue="INFO"/>

    <property name="FILE_ERROR_PATTERN" value="${FILE_LOG_PATTERN:-%d{${LOG_DATEFORMAT_PATTERN:-yyyy-MM-dd HH:mm:ss.SSS}} ${LOG_LEVEL_PATTERN:-%5p} ${PID:- } --- [%t] %-40.40logger{39} %file:%line: %m%n${LOG_EXCEPTION_CONVERSION_WORD:-%wEx}}"/>
    <property name="FILE_LOG_PATTERN" value="[%-5level] ${PID} %date --%thread-- [%logger] %msg %n"/>
    <property name="SERVER_HOME" value="${server.home:-.}"/>
    <!--文件大小，默认10MB-->
    <property name="MAX_FILE_SIZE" value="100MB" />
    <!-- 配置日志的滚动时间 ，表示只保留最近 30 天的日志-->
    <property name="MAX_HISTORY" value="30"/>
    <!-- 日志文件编码-->
    <property name="LOG_CHARSET" value="UTF-8" />

    <appender name="CONSOLE" class="ch.qos.logback.core.ConsoleAppender">
        <filter class="ch.qos.logback.classic.filter.LevelFilter">
            <level>INFO</level>
        </filter>
        <encoder>
            <pattern>${CONSOLE_LOG_PATTERN}</pattern>
            <charset>${LOG_CHARSET}</charset>
        </encoder>
    </appender>

    <appender name="FILE_INFO" class="ch.qos.logback.core.rolling.RollingFileAppender">
        <filter class="ch.qos.logback.classic.filter.LevelFilter">
            <level>ERROR</level>
            <onMatch>DENY</onMatch>
            <onMismatch>ACCEPT</onMismatch>
        </filter>
        <rollingPolicy class="ch.qos.logback.core.rolling.TimeBasedRollingPolicy">
            <FileNamePattern>${SERVER_HOME}/logs/${log.context.name}/info.%d{yyyy-MM-dd}.part_%i.log</FileNamePattern>
            <maxHistory>${MAX_HISTORY}</maxHistory>
            <timeBasedFileNamingAndTriggeringPolicy class="ch.qos.logback.core.rolling.SizeAndTimeBasedFNATP">
                <maxFileSize>${MAX_FILE_SIZE}</maxFileSize>
            </timeBasedFileNamingAndTriggeringPolicy>
        </rollingPolicy>
        <encoder>
            <pattern>${FILE_LOG_PATTERN}</pattern>
            <charset>${LOG_CHARSET}</charset> <!-- 此处设置字符集 -->
        </encoder>
    </appender>

    <appender name="FILE_ERROR" class="ch.qos.logback.core.rolling.RollingFileAppender">
        <filter class="ch.qos.logback.classic.filter.ThresholdFilter">
            <level>Error</level>
        </filter>
        <rollingPolicy class="ch.qos.logback.core.rolling.TimeBasedRollingPolicy">
            <FileNamePattern>${SERVER_HOME}/logs/${log.context.name}/error.%d{yyyy-MM-dd}.part_%i.log</FileNamePattern>
            <maxHistory>${MAX_HISTORY}</maxHistory>
            <timeBasedFileNamingAndTriggeringPolicy class="ch.qos.logback.core.rolling.SizeAndTimeBasedFNATP">
                <maxFileSize>${MAX_FILE_SIZE}</maxFileSize>
            </timeBasedFileNamingAndTriggeringPolicy>
        </rollingPolicy>
        <encoder>
            <pattern>${FILE_ERROR_PATTERN}</pattern>
            <charset>${LOG_CHARSET}</charset> <!-- 此处设置字符集 -->
        </encoder>
    </appender>

    <!--
        <logger>用来设置某一个包或者具体的某一个类的日志打印级别、
        以及指定<appender>。<logger>仅有一个name属性，
        一个可选的level和一个可选的addtivity属性。
        name:用来指定受此logger约束的某一个包或者具体的某一个类。
        level:用来设置打印级别，大小写无关：TRACE, DEBUG, INFO, WARN, ERROR, ALL 和 OFF，
              还有一个特俗值INHERITED或者同义词NULL，代表强制执行上级的级别。
              如果未设置此属性，那么当前logger将会继承上级的级别。
        addtivity:是否向上级logger传递打印信息。默认是true。
    -->
    <!--
        使用mybatis的时候，sql语句是debug下才会打印，而这里我们只配置了info，所以想要查看sql语句的话，有以下两种操作：
        第一种把<root level="info">改成<root level="DEBUG">这样就会打印sql，不过这样日志那边会出现很多其他消息
        第二种就是单独给dao下目录配置debug模式，代码如下，这样配置sql语句会打印，其他还是正常info级别：
     -->
    <!-- additivity 设为false,则logger内容不附加至root ，配置以配置包下的所有类的日志的打印，级别是 ERROR-->
    <logger name="org.springframework.web" level="INFO"/>
    <logger name="org.springframework"     level="ERROR" />
    <logger name="org.apache.commons"      level="ERROR" />
    <logger name="springfox.documentation"      level="ERROR" />
    <logger name="com.ulisesbocchio"      level="ERROR" />
    <logger name="com.alibaba.nacos"      level="ERROR" />
    <logger name="org.apache.ibatis"      level="ERROR" />
    <logger name="org.mybatis"      level="ERROR" />
    <logger name="org.activiti"      level="ERROR" />
    <logger name="org.quartz"      level="ERROR" />
    <logger name="org.redisson"      level="ERROR" />
    <logger name="io.netty"      level="ERROR" />
    <logger name="org.flywaydb"      level="ERROR" />
    <logger name="com.baomidou.mybatisplus"      level="ERROR" />
    <!-- show parameters for hibernate sql 专为 Hibernate 定制 -->
    <logger name="org.hibernate.type.descriptor.sql.BasicBinder" level="TRACE" />
    <logger name="org.hibernate.type.descriptor.sql.BasicExtractor" level="DEBUG" />
    <logger name="org.hibernate.SQL" level="DEBUG" />
    <logger name="org.hibernate.engine.QueryParameters" level="DEBUG" />
    <logger name="org.hibernate.engine.query.HQLQueryPlan" level="DEBUG" />
    <!--myibatis log configure-->
    <logger name="com.apache.ibatis" level="TRACE"/>
    <logger name="java.sql.Connection" level="DEBUG"/>
    <logger name="java.sql.Statement" level="DEBUG"/>
    <logger name="java.sql.PreparedStatement" level="DEBUG"/>

    <!--
        root节点是必选节点，用来指定最基础的日志输出级别，只有一个level属性
        level:用来设置打印级别，大小写无关：TRACE, DEBUG, INFO, WARN, ERROR, ALL 和 OFF，
        不能设置为INHERITED或者同义词NULL。默认是DEBUG
        可以包含零个或多个元素，标识这个appender将会添加到这个logger。
    -->
    <root level="${LOG_ROOT_LEVEL}">
        <appender-ref ref="CONSOLE"/>
        <appender-ref ref="FILE_INFO"/>
        <appender-ref ref="FILE_ERROR"/>
    </root>
</configuration>