<?xml version="1.0" encoding="UTF-8"?>
<!DOCTYPE mapper PUBLIC "-//mybatis.org//DTD Mapper 3.0//EN" "http://mybatis.org/dtd/mybatis-3-mapper.dtd">
<mapper namespace="org.gourd.hu.rbac.dao.RbacPermissionDao">

    <!-- 通用查询映射结果 -->
    <resultMap id="BaseResultMap" type="org.gourd.hu.rbac.model.entity.RbacPermission">
        <result column="id" property="id"/>
        <result column="tenant_id" property="tenantId"/>
        <result column="version" property="version"/>
        <result column="code" property="code" />
        <result column="name" property="name" />
        <result column="description" property="description" />
        <result column="is_deleted" property="deleted" />
        <result column="created_time" property="createdTime" />
        <result column="created_by" property="createdBy"/>
        <result column="updated_time" property="updatedTime" />
        <result column="updated_by" property="updatedBy"/>
    </resultMap>

    <!-- 通用查询结果列 -->
    <sql id="Base_Column_List">
      id,tenant_id,version, code, name, description, is_deleted, created_time, created_by , updated_time , updated_by
    </sql>

    <select id="findByRoleIds" resultMap="BaseResultMap" parameterType="java.lang.Long">
        SELECT
            rp.`code`,
            rp.id,
            rp.`name`
        FROM
            rbac_permission rp
            LEFT JOIN rbac_role_permission rrp ON rp.id = rrp.permission_id and rrp.is_deleted = 0
        WHERE
            rp.is_deleted = 0
            AND rrp.role_id IN
            <foreach collection="roleIds" index="index" item="roleId" open="(" separator="," close=")">
                #{roleId}
            </foreach>
    </select>


</mapper>