<?xml version="1.0" encoding="UTF-8"?>
<!DOCTYPE mapper PUBLIC "-//mybatis.org//DTD Mapper 3.0//EN" "http://mybatis.org/dtd/mybatis-3-mapper.dtd">
<mapper namespace="org.gourd.hu.rbac.dao.RbacUserRoleDao">

        <!-- 通用查询映射结果 -->
        <resultMap id="BaseResultMap" type="org.gourd.hu.rbac.model.entity.RbacUserRole">
            <result column="id" property="id"/>
            <result column="tenant_id" property="tenantId"/>
            <result column="version" property="version"/>
            <result column="user_id" property="userId"/>
            <result column="role_id" property="roleId"/>
            <result column="is_deleted" property="deleted" />
            <result column="created_time" property="createdTime"/>
            <result column="created_by" property="createdBy"/>
            <result column="updated_time" property="updatedTime"/>
            <result column="updated_by" property="updatedBy"/>
        </resultMap>

    <!-- 通用查询结果列 -->
    <sql id="Base_Column_List">
        id,tenant_id,version,user_id , role_id, is_deleted, created_time , created_by, updated_time, updated_by
    </sql>

</mapper>
