<?xml version="1.0" encoding="UTF-8"?>
<!-- 日志级别从低到高分为TRACE < DEBUG < INFO < WARN < ERROR < FATAL，如果设置为WARN，则低于WARN的信息都不会输出 -->
<!-- scan:当此属性设置为true时，配置文件如果发生改变，将会被重新加载，默认值为true -->
<!-- scanPeriod:设置监测配置文件是否有修改的时间间隔，如果没有给出时间单位，默认单位是毫秒。当scan为true时，此属性生效。默认的时间间隔为1分钟。 -->
<!-- debug:当此属性设置为true时，将打印出logback内部日志信息，实时查看logback运行状态。默认值为false。 -->
<configuration  scan="true" scanPeriod="10 seconds" debug="false">
    <!--<include resource="org/springframework/boot/logging/logback/data.xml" />-->
    <contextName>gourd-hu</contextName>
    <!-- name的值是变量的名称，value的值时变量定义的值。通过定义的值会被插入到logger上下文中。定义变量后，可以使“${}”来使用变量。 -->
    <!-- 日志级别 -->
    <springProperty scope="context" name="LOG_ROOT_LEVEL" source="logging.level.root" defaultValue="INFO"/>
    <springProperty scope="context" name="LOG_PATH" source="logging.file.path" defaultValue="./logs"/>
    <!--定义日志文件的存储地址 勿在 LogBack 的配置中使用相对路径-->
    <springProfile name="local">
        <!-- 日志根目录-->
        <property name="LOG_HOME" value="${LOG_PATH}"/>
    </springProfile>
    <springProfile name="dev">
        <property name="LOG_HOME" value="${LOG_PATH}"/>
    </springProfile>
    <springProfile name="online">
        <property name="LOG_HOME" value="${LOG_PATH}"/>
    </springProfile>
    <springProfile name="official">
        <property name="LOG_HOME" value="${LOG_PATH}"/>
    </springProfile>

    <!-- 日志文件名称-->
    <property name="LOG_PREFIX" value="log-" />
    <!-- 日志文件编码-->
    <property name="LOG_CHARSET" value="UTF-8" />
    <!-- 日志文件路径+日期-->
    <property name="LOG_DIR" value="${LOG_HOME}/%d{yyyyMMdd}" />
    <!-- 彩色日志格式 -->
    <property name="CONSOLE_LOG_PATTERN" value="${CONSOLE_LOG_PATTERN:-%clr(%d{yyyy-MM-dd HH:mm:ss.SSS}){faint} %clr(${LOG_LEVEL_PATTERN:-%5p}) %clr([%15.15t]){faint} %clr(%-40.40logger{39}){cyan} %clr(:){faint} %m%n${LOG_EXCEPTION_CONVERSION_WORD:-%wEx}}"/>

    <!--文件大小，默认10MB-->
    <property name="MAX_FILE_SIZE" value="100MB" />
    <!-- 配置日志的滚动时间 ，表示只保留最近 30 天的日志-->
    <property name="MAX_HISTORY" value="30"/>

    <!-- 彩色日志 -->
    <!-- 彩色日志依赖的渲染类 -->
    <conversionRule conversionWord="clr" converterClass="org.springframework.boot.logging.logback.ColorConverter" />
    <conversionRule conversionWord="wex" converterClass="org.springframework.boot.logging.logback.WhitespaceThrowableProxyConverter" />
    <conversionRule conversionWord="wEx" converterClass="org.springframework.boot.logging.logback.ExtendedWhitespaceThrowableProxyConverter" />
    <!--输出到控制台-->
    <appender name="STDOUT" class="ch.qos.logback.core.ConsoleAppender">
        <!--此日志appender是为开发使用，只配置最底级别，控制台输出的日志级别是大于或等于此级别的日志信息-->
        <filter class="ch.qos.logback.classic.filter.ThresholdFilter">
            <level>${LOG_ROOT_LEVEL}</level>
        </filter>
        <encoder>
            <Pattern>${CONSOLE_LOG_PATTERN}</Pattern>
            <!-- 设置字符集 -->
            <charset>${LOG_CHARSET}</charset>
        </encoder>
    </appender>
    <!-- 按照每天每小时生成日志文件 -->
    <appender name="DAILY_LOG" class="ch.qos.logback.core.rolling.RollingFileAppender">
        <rollingPolicy class="ch.qos.logback.core.rolling.TimeBasedRollingPolicy">
            <!--日志文件输出的文件名-->
            <FileNamePattern>${LOG_DIR}/${LOG_PREFIX}%d{yyyy-MM-dd.HH}.log</FileNamePattern>
            <!--日志文件保留天数-->
            <MaxHistory>${MAX_HISTORY}</MaxHistory>
        </rollingPolicy>
        <!--<encoder class="com.kedacom.ctsp.query.feign.rewrite.PatternLayoutEncoderReWrite">-->
        <encoder class="ch.qos.logback.classic.encoder.PatternLayoutEncoder" charset="UTF-8">
            <!--格式化输出：%d表示日期，%thread表示线程名，%-5level：级别从左显示5个字符宽度%msg：日志消息，%n是换行符-->
            <pattern>${CONSOLE_LOG_PATTERN}</pattern>
            <!-- 设置字符集 -->
            <charset>${LOG_CHARSET}</charset>
        </encoder>
        <!--日志文件最大的大小-->
        <triggeringPolicy class="ch.qos.logback.core.rolling.SizeBasedTriggeringPolicy">
            <MaxFileSize>${MAX_FILE_SIZE}</MaxFileSize>
        </triggeringPolicy>
    </appender>
    <!--
        <logger>用来设置某一个包或者具体的某一个类的日志打印级别、
        以及指定<appender>。<logger>仅有一个name属性，
        一个可选的level和一个可选的addtivity属性。
        name:用来指定受此logger约束的某一个包或者具体的某一个类。
        level:用来设置打印级别，大小写无关：TRACE, DEBUG, INFO, WARN, ERROR, ALL 和 OFF，
              还有一个特俗值INHERITED或者同义词NULL，代表强制执行上级的级别。
              如果未设置此属性，那么当前logger将会继承上级的级别。
        addtivity:是否向上级logger传递打印信息。默认是true。
    -->
    <!--
        使用mybatis的时候，sql语句是debug下才会打印，而这里我们只配置了info，所以想要查看sql语句的话，有以下两种操作：
        第一种把<root level="info">改成<root level="DEBUG">这样就会打印sql，不过这样日志那边会出现很多其他消息
        第二种就是单独给dao下目录配置debug模式，代码如下，这样配置sql语句会打印，其他还是正常info级别：
     -->
    <!-- additivity 设为false,则logger内容不附加至root ，配置以配置包下的所有类的日志的打印，级别是 ERROR-->
    <logger name="org.springframework.web" level="INFO"/>
    <logger name="org.springframework"     level="ERROR" />
    <logger name="org.apache.commons"      level="ERROR" />
    <logger name="springfox.documentation"      level="ERROR" />
    <logger name="com.ulisesbocchio"      level="ERROR" />
    <logger name="com.alibaba.nacos"      level="ERROR" />
    <logger name="org.apache.ibatis"      level="ERROR" />
    <logger name="org.mybatis"      level="ERROR" />
    <logger name="org.activiti"      level="ERROR" />
    <logger name="org.quartz"      level="ERROR" />
    <logger name="org.redisson"      level="ERROR" />
    <logger name="io.netty"      level="ERROR" />
    <logger name="org.flywaydb"      level="ERROR" />
    <logger name="com.baomidou.mybatisplus"      level="ERROR" />
    <!-- show parameters for hibernate sql 专为 Hibernate 定制 -->
    <logger name="org.hibernate.type.descriptor.sql.BasicBinder" level="TRACE" />
    <logger name="org.hibernate.type.descriptor.sql.BasicExtractor" level="DEBUG" />
    <logger name="org.hibernate.SQL" level="DEBUG" />
    <logger name="org.hibernate.engine.QueryParameters" level="DEBUG" />
    <logger name="org.hibernate.engine.query.HQLQueryPlan" level="DEBUG" />
    <!--myibatis log configure-->
    <logger name="com.apache.ibatis" level="TRACE"/>
    <logger name="java.sql.Connection" level="DEBUG"/>
    <logger name="java.sql.Statement" level="DEBUG"/>
    <logger name="java.sql.PreparedStatement" level="DEBUG"/>

    <!--
        root节点是必选节点，用来指定最基础的日志输出级别，只有一个level属性
        level:用来设置打印级别，大小写无关：TRACE, DEBUG, INFO, WARN, ERROR, ALL 和 OFF，
        不能设置为INHERITED或者同义词NULL。默认是DEBUG
        可以包含零个或多个元素，标识这个appender将会添加到这个logger。
    -->
    <root level="${LOG_ROOT_LEVEL}" >
        <appender-ref ref="STDOUT"/>
        <appender-ref ref="DAILY_LOG"/>
    </root>

</configuration>